{
	"Point": [
		{
			"Name": 0,
			"X": -7.36516853932562,
			"Y": -387,
			"Width": 2953.14459217572,
			"Height": 168
		},
		{
			"Name": 1,
			"X": -1333.93746462719,
			"Y": -268,
			"Width": 8,
			"Height": 5
		},
		{
			"Name": 1,
			"X": 1291.20712754854,
			"Y": -262,
			"Width": 12,
			"Height": 10
		}
	]
}