{
	"Point": [
		
		{
			"Name": 0,
			"X": -0.86516853932585,
			"Y": -268.5,
			"Width": 2074.02009232849,
			"Height": 155
		},
		{
			"Name": 1,
			"X": -864.87521470357,
			"Y": -177,
			"Width": 46,
			"Height": 10
		}
	]
}