{
	"Point": [
		{
			"Name": 0,
			"X": 306.429763355852,
			"Y": 122.05359634679,
			"Width": 362,
			"Height": 72
		},
		{
			"Name": 2,
			"X": 387.929763355852,
			"Y": 244.05359634679,
			"Width": 41,
			"Height": 154
		},
		{
			"Name": 1,
			"X": 293.429763355852,
			"Y": 171.05359634679,
			"Width": 56,
			"Height": 14
		}
	]
}