{
	"Point": [
		{
			"Name": 0,
			"X": -1.86516853932585,
			"Y": -277,
			"Width": 1436,
			"Height": 181
		},
		{
			"Name": 1,
			"X": 354.134831460674,
			"Y": -154.5,
			"Width": 70,
			"Height": 40
		}
	]
}